{"IKS": [[1.0, 6.2105263157894735, 11.421052631578947, 16.63157894736842, 21.842105263157894, 27.052631578947366, 32.26315789473684, 37.473684210526315, 42.68421052631579, 47.89473684210526, 53.10526315789473, 58.315789473684205, 63.526315789473685, 68.73684210526315, 73.94736842105263, 79.1578947368421, 84.36842105263158, 89.57894736842105, 94.78947368421052, 100.0], [153.1875, 152.90625, 156.59375, 153.09375, 162.78125, 164.59375, 166.78125, 165.375, 169.53125, 167.6875, 172.53125, 174.125, 177.90625, 178.0, 180.21875, 184.5, 185.0, 186.9375, 189.78125, 192.3125], ".-"], "CLO": [[1.0, 6.2105263157894735, 11.421052631578947, 16.63157894736842, 21.842105263157894, 27.052631578947366, 32.26315789473684, 37.473684210526315, 42.68421052631579, 47.89473684210526, 53.10526315789473, 58.315789473684205, 63.526315789473685, 68.73684210526315, 73.94736842105263, 79.1578947368421, 84.36842105263158, 89.57894736842105, 94.78947368421052, 100.0], [154.0625, 152.78125, 153.09375, 151.78125, 153.28125, 153.53125, 152.9375, 153.1875, 154.3125, 156.375, 156.6875, 158.34375, 157.25, 159.25, 157.5, 161.5625, 160.0625, 162.59375, 163.21875, 166.15625], ".-"], "sc_score": [[1.0, 6.2105263157894735, 11.421052631578947, 16.63157894736842, 21.842105263157894, 27.052631578947366, 32.26315789473684, 37.473684210526315, 42.68421052631579, 47.89473684210526, 53.10526315789473, 58.315789473684205, 63.526315789473685, 68.73684210526315, 73.94736842105263, 79.1578947368421, 84.36842105263158, 89.57894736842105, 94.78947368421052, 100.0], [152.71875, 152.3125, 154.75, 151.0625, 153.4375, 153.1875, 150.125, 151.375, 150.84375, 149.46875, 153.28125, 154.5, 156.34375, 154.21875, 154.53125, 158.625, 160.71875, 160.5625, 160.9375, 164.40625], ".-"], "VR": [[1.0, 6.2105263157894735, 11.421052631578947, 16.63157894736842, 21.842105263157894, 27.052631578947366, 32.26315789473684, 37.473684210526315, 42.68421052631579, 47.89473684210526, 53.10526315789473, 58.315789473684205, 63.526315789473685, 68.73684210526315, 73.94736842105263, 79.1578947368421, 84.36842105263158, 89.57894736842105, 94.78947368421052, 100.0], [154.71875, 156.28125, 153.75, 155.125, 158.5, 156.9375, 159.40625, 161.84375, 165.75, 166.1875, 169.96875, 171.375, 174.6875, 174.6875, 176.84375, 181.5625, 185.40625, 185.125, 187.65625, 193.15625], ".-"], "PRP": [[1.0, 6.2105263157894735, 11.421052631578947, 16.63157894736842, 21.842105263157894, 27.052631578947366, 32.26315789473684, 37.473684210526315, 42.68421052631579, 47.89473684210526, 53.10526315789473, 58.315789473684205, 63.526315789473685, 68.73684210526315, 73.94736842105263, 79.1578947368421, 84.36842105263158, 89.57894736842105, 94.78947368421052, 100.0], [152.6875, 153.8125, 154.25, 155.96875, 159.1875, 160.84375, 160.875, 164.15625, 165.125, 163.875, 169.4375, 171.46875, 171.46875, 171.375, 173.0625, 179.125, 179.4375, 180.28125, 181.0, 184.09375], ".-"], "HC": [[1.0, 6.2105263157894735, 11.421052631578947, 16.63157894736842, 21.842105263157894, 27.052631578947366, 32.26315789473684, 37.473684210526315, 42.68421052631579, 47.89473684210526, 53.10526315789473, 58.315789473684205, 63.526315789473685, 68.73684210526315, 73.94736842105263, 79.1578947368421, 84.36842105263158, 89.57894736842105, 94.78947368421052, 100.0], [154.0, 154.5, 155.28125, 154.5625, 151.53125, 150.28125, 154.78125, 154.3125, 153.8125, 153.59375, 153.46875, 152.03125, 152.34375, 151.375, 157.84375, 155.5625, 157.90625, 161.625, 162.71875, 164.71875], ".-"], "BET": [[1.0, 6.2105263157894735, 11.421052631578947, 16.63157894736842, 21.842105263157894, 27.052631578947366, 32.26315789473684, 37.473684210526315, 42.68421052631579, 47.89473684210526, 53.10526315789473, 58.315789473684205, 63.526315789473685, 68.73684210526315, 73.94736842105263, 79.1578947368421, 84.36842105263158, 89.57894736842105, 94.78947368421052, 100.0], [150.40625, 155.75, 155.96875, 156.59375, 157.84375, 158.84375, 161.75, 161.6875, 165.15625, 165.34375, 168.0, 167.5, 170.3125, 169.5625, 172.25, 173.90625, 178.0625, 178.96875, 181.09375, 183.1875], ".-"], "DEG": [[1.0, 6.2105263157894735, 11.421052631578947, 16.63157894736842, 21.842105263157894, 27.052631578947366, 32.26315789473684, 37.473684210526315, 42.68421052631579, 47.89473684210526, 53.10526315789473, 58.315789473684205, 63.526315789473685, 68.73684210526315, 73.94736842105263, 79.1578947368421, 84.36842105263158, 89.57894736842105, 94.78947368421052, 100.0], [152.40625, 152.96875, 154.125, 152.46875, 152.125, 150.375, 152.6875, 150.71875, 152.15625, 153.84375, 155.1875, 154.3125, 156.59375, 158.96875, 158.75, 159.875, 161.4375, 164.5, 163.96875, 170.1875], ".-"]}