{"IKS": [[1.0, 6.2105263157894735, 11.421052631578947, 16.63157894736842, 21.842105263157894, 27.052631578947366, 32.26315789473684, 37.473684210526315, 42.68421052631579, 47.89473684210526, 53.10526315789473, 58.315789473684205, 63.526315789473685, 68.73684210526315, 73.94736842105263, 79.1578947368421, 84.36842105263158, 89.57894736842105, 94.78947368421052, 100.0], [104.9375, 105.625, 108.875, 113.28125, 118.8125, 123.21875, 124.5625, 127.78125, 130.25, 132.25, 135.34375, 141.1875, 141.3125, 145.46875, 148.6875, 153.0625, 155.15625, 157.15625, 160.65625, 165.75], ".-"], "CLO": [[1.0, 6.2105263157894735, 11.421052631578947, 16.63157894736842, 21.842105263157894, 27.052631578947366, 32.26315789473684, 37.473684210526315, 42.68421052631579, 47.89473684210526, 53.10526315789473, 58.315789473684205, 63.526315789473685, 68.73684210526315, 73.94736842105263, 79.1578947368421, 84.36842105263158, 89.57894736842105, 94.78947368421052, 100.0], [106.84375, 104.875, 105.75, 105.84375, 105.71875, 110.3125, 109.90625, 110.03125, 113.625, 111.90625, 112.1875, 116.28125, 117.1875, 118.03125, 121.59375, 125.6875, 127.8125, 129.8125, 133.65625, 136.96875], ".-"], "sc_score": [[1.0, 6.2105263157894735, 11.421052631578947, 16.63157894736842, 21.842105263157894, 27.052631578947366, 32.26315789473684, 37.473684210526315, 42.68421052631579, 47.89473684210526, 53.10526315789473, 58.315789473684205, 63.526315789473685, 68.73684210526315, 73.94736842105263, 79.1578947368421, 84.36842105263158, 89.57894736842105, 94.78947368421052, 100.0], [94.3125, 105.46875, 107.75, 105.15625, 111.03125, 104.71875, 108.21875, 108.78125, 108.875, 112.8125, 114.03125, 113.9375, 116.875, 119.5, 117.9375, 122.3125, 126.90625, 128.65625, 131.78125, 135.59375], ".-"], "VR": [[1.0, 6.2105263157894735, 11.421052631578947, 16.63157894736842, 21.842105263157894, 27.052631578947366, 32.26315789473684, 37.473684210526315, 42.68421052631579, 47.89473684210526, 53.10526315789473, 58.315789473684205, 63.526315789473685, 68.73684210526315, 73.94736842105263, 79.1578947368421, 84.36842105263158, 89.57894736842105, 94.78947368421052, 100.0], [102.28125, 104.71875, 106.8125, 109.28125, 110.8125, 115.1875, 113.40625, 119.0625, 123.84375, 126.4375, 128.3125, 132.5625, 134.59375, 137.84375, 140.71875, 146.9375, 151.1875, 155.6875, 158.125, 161.71875], ".-"], "PRP": [[1.0, 6.2105263157894735, 11.421052631578947, 16.63157894736842, 21.842105263157894, 27.052631578947366, 32.26315789473684, 37.473684210526315, 42.68421052631579, 47.89473684210526, 53.10526315789473, 58.315789473684205, 63.526315789473685, 68.73684210526315, 73.94736842105263, 79.1578947368421, 84.36842105263158, 89.57894736842105, 94.78947368421052, 100.0], [103.09375, 107.71875, 109.25, 113.8125, 114.03125, 114.1875, 117.71875, 122.0625, 123.125, 123.03125, 126.65625, 132.625, 131.8125, 135.34375, 136.78125, 142.625, 143.71875, 147.9375, 148.125, 152.84375], ".-"], "HC": [[1.0, 6.2105263157894735, 11.421052631578947, 16.63157894736842, 21.842105263157894, 27.052631578947366, 32.26315789473684, 37.473684210526315, 42.68421052631579, 47.89473684210526, 53.10526315789473, 58.315789473684205, 63.526315789473685, 68.73684210526315, 73.94736842105263, 79.1578947368421, 84.36842105263158, 89.57894736842105, 94.78947368421052, 100.0], [102.375, 104.21875, 104.03125, 107.1875, 105.125, 105.375, 106.8125, 108.71875, 110.5625, 112.375, 111.8125, 113.53125, 115.625, 119.875, 119.59375, 121.96875, 125.375, 127.25, 130.4375, 135.28125], ".-"], "BET": [[1.0, 6.2105263157894735, 11.421052631578947, 16.63157894736842, 21.842105263157894, 27.052631578947366, 32.26315789473684, 37.473684210526315, 42.68421052631579, 47.89473684210526, 53.10526315789473, 58.315789473684205, 63.526315789473685, 68.73684210526315, 73.94736842105263, 79.1578947368421, 84.36842105263158, 89.57894736842105, 94.78947368421052, 100.0], [104.5625, 106.53125, 111.125, 109.84375, 113.5625, 113.90625, 115.59375, 118.53125, 122.09375, 120.75, 124.8125, 126.65625, 130.5, 130.53125, 135.0, 139.40625, 139.5625, 145.15625, 146.59375, 150.6875], ".-"], "DEG": [[1.0, 6.2105263157894735, 11.421052631578947, 16.63157894736842, 21.842105263157894, 27.052631578947366, 32.26315789473684, 37.473684210526315, 42.68421052631579, 47.89473684210526, 53.10526315789473, 58.315789473684205, 63.526315789473685, 68.73684210526315, 73.94736842105263, 79.1578947368421, 84.36842105263158, 89.57894736842105, 94.78947368421052, 100.0], [105.96875, 105.0, 104.71875, 107.0625, 107.34375, 107.84375, 107.09375, 107.15625, 112.6875, 110.25, 113.71875, 117.09375, 115.40625, 120.09375, 121.5, 124.34375, 128.65625, 130.21875, 134.53125, 137.78125], ".-"]}