{"IKS": [[1.0, 6.2105263157894735, 11.421052631578947, 16.63157894736842, 21.842105263157894, 27.052631578947366, 32.26315789473684, 37.473684210526315, 42.68421052631579, 47.89473684210526, 53.10526315789473, 58.315789473684205, 63.526315789473685, 68.73684210526315, 73.94736842105263, 79.1578947368421, 84.36842105263158, 89.57894736842105, 94.78947368421052, 100.0], [132.59375, 132.65625, 132.09375, 137.65625, 146.6875, 144.96875, 145.875, 148.84375, 152.375, 155.875, 154.6875, 157.84375, 162.96875, 162.1875, 165.53125, 169.5, 169.90625, 173.65625, 177.84375, 178.9375], ".-"], "CLO": [[1.0, 6.2105263157894735, 11.421052631578947, 16.63157894736842, 21.842105263157894, 27.052631578947366, 32.26315789473684, 37.473684210526315, 42.68421052631579, 47.89473684210526, 53.10526315789473, 58.315789473684205, 63.526315789473685, 68.73684210526315, 73.94736842105263, 79.1578947368421, 84.36842105263158, 89.57894736842105, 94.78947368421052, 100.0], [130.34375, 134.84375, 130.8125, 131.4375, 130.6875, 133.96875, 133.21875, 134.0625, 137.25, 136.21875, 137.3125, 135.625, 138.0, 142.21875, 142.21875, 143.03125, 144.25, 147.59375, 148.0625, 153.46875], ".-"], "sc_score": [[1.0, 6.2105263157894735, 11.421052631578947, 16.63157894736842, 21.842105263157894, 27.052631578947366, 32.26315789473684, 37.473684210526315, 42.68421052631579, 47.89473684210526, 53.10526315789473, 58.315789473684205, 63.526315789473685, 68.73684210526315, 73.94736842105263, 79.1578947368421, 84.36842105263158, 89.57894736842105, 94.78947368421052, 100.0], [129.09375, 132.03125, 131.5, 131.53125, 130.15625, 134.09375, 134.9375, 132.90625, 134.46875, 135.03125, 134.125, 134.71875, 137.59375, 137.9375, 139.09375, 140.53125, 144.21875, 144.71875, 149.75, 149.28125], ".-"], "VR": [[1.0, 6.2105263157894735, 11.421052631578947, 16.63157894736842, 21.842105263157894, 27.052631578947366, 32.26315789473684, 37.473684210526315, 42.68421052631579, 47.89473684210526, 53.10526315789473, 58.315789473684205, 63.526315789473685, 68.73684210526315, 73.94736842105263, 79.1578947368421, 84.36842105263158, 89.57894736842105, 94.78947368421052, 100.0], [128.71875, 132.90625, 132.96875, 131.0625, 134.65625, 134.53125, 139.5625, 143.21875, 145.21875, 145.71875, 151.90625, 155.0, 154.625, 157.6875, 161.0625, 164.84375, 168.46875, 172.4375, 174.5, 175.40625], ".-"], "PRP": [[1.0, 6.2105263157894735, 11.421052631578947, 16.63157894736842, 21.842105263157894, 27.052631578947366, 32.26315789473684, 37.473684210526315, 42.68421052631579, 47.89473684210526, 53.10526315789473, 58.315789473684205, 63.526315789473685, 68.73684210526315, 73.94736842105263, 79.1578947368421, 84.36842105263158, 89.57894736842105, 94.78947368421052, 100.0], [135.34375, 133.875, 133.84375, 136.03125, 137.84375, 138.40625, 142.25, 143.28125, 145.375, 145.21875, 150.3125, 151.6875, 151.125, 157.625, 158.65625, 162.53125, 161.0625, 167.5, 164.15625, 167.625], ".-"], "HC": [[1.0, 6.2105263157894735, 11.421052631578947, 16.63157894736842, 21.842105263157894, 27.052631578947366, 32.26315789473684, 37.473684210526315, 42.68421052631579, 47.89473684210526, 53.10526315789473, 58.315789473684205, 63.526315789473685, 68.73684210526315, 73.94736842105263, 79.1578947368421, 84.36842105263158, 89.57894736842105, 94.78947368421052, 100.0], [133.34375, 132.09375, 130.96875, 134.15625, 130.09375, 131.6875, 131.40625, 134.15625, 130.53125, 134.21875, 134.59375, 133.8125, 138.34375, 138.90625, 138.96875, 140.9375, 144.46875, 146.03125, 148.0, 151.1875], ".-"], "BET": [[1.0, 6.2105263157894735, 11.421052631578947, 16.63157894736842, 21.842105263157894, 27.052631578947366, 32.26315789473684, 37.473684210526315, 42.68421052631579, 47.89473684210526, 53.10526315789473, 58.315789473684205, 63.526315789473685, 68.73684210526315, 73.94736842105263, 79.1578947368421, 84.36842105263158, 89.57894736842105, 94.78947368421052, 100.0], [131.21875, 132.65625, 135.3125, 136.71875, 139.375, 138.78125, 141.75, 142.1875, 144.65625, 145.53125, 147.3125, 149.625, 149.5, 150.65625, 153.90625, 157.8125, 161.28125, 165.875, 163.5625, 167.25], ".-"], "DEG": [[1.0, 6.2105263157894735, 11.421052631578947, 16.63157894736842, 21.842105263157894, 27.052631578947366, 32.26315789473684, 37.473684210526315, 42.68421052631579, 47.89473684210526, 53.10526315789473, 58.315789473684205, 63.526315789473685, 68.73684210526315, 73.94736842105263, 79.1578947368421, 84.36842105263158, 89.57894736842105, 94.78947368421052, 100.0], [130.71875, 129.9375, 130.78125, 132.78125, 132.5625, 132.5, 132.5, 130.90625, 133.90625, 133.03125, 138.875, 136.09375, 138.0625, 138.59375, 139.3125, 140.96875, 145.8125, 148.40625, 151.25, 155.28125], ".-"]}