{"IKS": 0.013156890869140625, "CLO": 0.021467924118041992, "sc_score": 1.2606399059295654, "VR": 0.21723103523254395, "PRP2": 0.07516908645629883, "PRP": 0.9720990657806396, "HC": 0.03441596031188965, "IKS2": 0.014480113983154297, "BET": 0.014266014099121094, "DEG": 0.00024890899658203125}