{"IKS": [[0.01, 0.019999999999999997, 0.03, 0.039999999999999994, 0.049999999999999996, 0.05999999999999999, 0.06999999999999999, 0.07999999999999999, 0.08999999999999998, 0.09999999999999998, 0.10999999999999997, 0.11999999999999998, 0.12999999999999998, 0.13999999999999999, 0.15], [26.125, 40.5, 65.6875, 78.84375, 97.40625, 108.875, 116.3125, 126.46875, 132.96875, 140.28125, 146.78125, 152.59375, 159.40625, 162.84375, 167.15625], ".-"], "CLO": [[0.01, 0.019999999999999997, 0.03, 0.039999999999999994, 0.049999999999999996, 0.05999999999999999, 0.06999999999999999, 0.07999999999999999, 0.08999999999999998, 0.09999999999999998, 0.10999999999999997, 0.11999999999999998, 0.12999999999999998, 0.13999999999999999, 0.15], [31.4375, 44.46875, 60.4375, 74.03125, 85.21875, 96.25, 108.375, 116.46875, 126.8125, 129.84375, 137.5, 146.6875, 154.6875, 159.28125, 162.9375], ".-"], "sc_score": [[0.01, 0.019999999999999997, 0.03, 0.039999999999999994, 0.049999999999999996, 0.05999999999999999, 0.06999999999999999, 0.07999999999999999, 0.08999999999999998, 0.09999999999999998, 0.10999999999999997, 0.11999999999999998, 0.12999999999999998, 0.13999999999999999, 0.15], [28.03125, 43.53125, 55.84375, 72.40625, 85.53125, 97.21875, 105.90625, 118.5, 126.5625, 135.09375, 138.03125, 149.0, 150.5, 156.9375, 164.53125], ".-"], "VR": [[0.01, 0.019999999999999997, 0.03, 0.039999999999999994, 0.049999999999999996, 0.05999999999999999, 0.06999999999999999, 0.07999999999999999, 0.08999999999999998, 0.09999999999999998, 0.10999999999999997, 0.11999999999999998, 0.12999999999999998, 0.13999999999999999, 0.15], [33.9375, 46.34375, 64.1875, 76.6875, 88.625, 100.71875, 111.75, 120.28125, 128.5, 136.71875, 143.1875, 148.875, 157.3125, 161.3125, 168.84375], ".-"], "PRP": [[0.01, 0.019999999999999997, 0.03, 0.039999999999999994, 0.049999999999999996, 0.05999999999999999, 0.06999999999999999, 0.07999999999999999, 0.08999999999999998, 0.09999999999999998, 0.10999999999999997, 0.11999999999999998, 0.12999999999999998, 0.13999999999999999, 0.15], [32.3125, 46.09375, 61.71875, 77.84375, 90.65625, 100.75, 110.40625, 119.71875, 128.625, 134.71875, 143.53125, 150.0, 156.125, 166.125, 168.84375], ".-"], "HC": [[0.01, 0.019999999999999997, 0.03, 0.039999999999999994, 0.049999999999999996, 0.05999999999999999, 0.06999999999999999, 0.07999999999999999, 0.08999999999999998, 0.09999999999999998, 0.10999999999999997, 0.11999999999999998, 0.12999999999999998, 0.13999999999999999, 0.15], [32.3125, 45.3125, 58.4375, 72.5, 84.84375, 99.46875, 105.625, 116.59375, 123.53125, 132.25, 138.6875, 146.28125, 150.40625, 160.75, 163.28125], ".-"], "BET": [[0.01, 0.019999999999999997, 0.03, 0.039999999999999994, 0.049999999999999996, 0.05999999999999999, 0.06999999999999999, 0.07999999999999999, 0.08999999999999998, 0.09999999999999998, 0.10999999999999997, 0.11999999999999998, 0.12999999999999998, 0.13999999999999999, 0.15], [31.0, 47.5, 61.53125, 80.1875, 91.21875, 100.09375, 112.375, 122.59375, 130.125, 135.1875, 144.96875, 152.4375, 161.09375, 164.5, 170.6875], ".-"], "DEG": [[0.01, 0.019999999999999997, 0.03, 0.039999999999999994, 0.049999999999999996, 0.05999999999999999, 0.06999999999999999, 0.07999999999999999, 0.08999999999999998, 0.09999999999999998, 0.10999999999999997, 0.11999999999999998, 0.12999999999999998, 0.13999999999999999, 0.15], [31.40625, 45.84375, 57.90625, 72.3125, 85.46875, 97.3125, 105.96875, 114.25, 124.25, 130.8125, 136.90625, 145.40625, 152.8125, 159.9375, 163.71875], ".-"]}