{"IKS": [[0.13], [151.8125], ".-"], "VR_MLC": [[0.13], [154.8125], ".-"], "PRP_MLC": [[0.13], [152.5625], ".-"], "CLO": [[0.13], [153.75], ".-"], "IKS_MLC": [[0.13], [157.90625], ".-"], "sc_score": [[0.13], [152.375], ".-"], "HC_MLC": [[0.13], [159.875], ".-"], "CLO_MLC": [[0.13], [155.40625], ".-"], "VR": [[0.13], [151.5], ".-"], "sc_score_MLC": [[0.13], [158.03125], ".-"], "HC": [[0.13], [151.90625], ".-"], "DEG_MLC": [[0.13], [154.5], ".-"], "BET_MLC": [[0.13], [154.78125], ".-"], "BET": [[0.13], [154.4375], ".-"], "DEG": [[0.13], [153.8125], ".-"]}