{"IKS": [[1.0, 3.5789473684210527, 6.157894736842105, 8.736842105263158, 11.31578947368421, 13.894736842105264, 16.473684210526315, 19.05263157894737, 21.63157894736842, 24.210526315789473, 26.789473684210527, 29.36842105263158, 31.94736842105263, 34.526315789473685, 37.10526315789474, 39.68421052631579, 42.26315789473684, 44.8421052631579, 47.421052631578945, 50.0], [1, 1.0, 1.6, 1.6071428571428572, 1.6545454545454545, 1.7179487179487178, 1.7416666666666667, 1.8362573099415205, 1.957142857142857, 2.1594202898550723, 2.123076923076923, 2.105911330049261, 2.088172043010753, 2.0677361853832443, 2.084084084084084, 2.1039136302294197, 2.156794425087108, 2.3012684989429175, 2.2627197039777984, 2.24734693877551], ".-"], "CLO": [[1.0, 3.5789473684210527, 6.157894736842105, 8.736842105263158, 11.31578947368421, 13.894736842105264, 16.473684210526315, 19.05263157894737, 21.63157894736842, 24.210526315789473, 26.789473684210527, 29.36842105263158, 31.94736842105263, 34.526315789473685, 37.10526315789474, 39.68421052631579, 42.26315789473684, 44.8421052631579, 47.421052631578945, 50.0], [1, 1.0, 1.0, 1.0, 1.0, 1.0256410256410255, 1.025, 1.023391812865497, 1.0333333333333334, 1.068840579710145, 1.08, 1.1280788177339902, 1.1376344086021506, 1.1497326203208555, 1.2102102102102101, 1.2186234817813766, 1.2682926829268293, 1.285412262156448, 1.308973172987974, 1.3371428571428572], ".-"], "sc_score": [[1.0, 3.5789473684210527, 6.157894736842105, 8.736842105263158, 11.31578947368421, 13.894736842105264, 16.473684210526315, 19.05263157894737, 21.63157894736842, 24.210526315789473, 26.789473684210527, 29.36842105263158, 31.94736842105263, 34.526315789473685, 37.10526315789474, 39.68421052631579, 42.26315789473684, 44.8421052631579, 47.421052631578945, 50.0], [1, 1.3333333333333333, 1.2, 1.2857142857142858, 1.2727272727272727, 1.2435897435897436, 1.2, 1.2105263157894737, 1.2190476190476192, 1.2173913043478262, 1.196923076923077, 1.1921182266009853, 1.2, 1.2459893048128343, 1.2432432432432432, 1.2442645074224021, 1.2694541231126597, 1.3002114164904863, 1.3515263644773359, 1.363265306122449], ".-"], "VR": [[1.0, 3.5789473684210527, 6.157894736842105, 8.736842105263158, 11.31578947368421, 13.894736842105264, 16.473684210526315, 19.05263157894737, 21.63157894736842, 24.210526315789473, 26.789473684210527, 29.36842105263158, 31.94736842105263, 34.526315789473685, 37.10526315789474, 39.68421052631579, 42.26315789473684, 44.8421052631579, 47.421052631578945, 50.0], [1, 1.0, 1.0, 1.0, 1.0545454545454545, 1.0384615384615385, 1.175, 1.1637426900584795, 1.2809523809523808, 1.3333333333333333, 1.3323076923076924, 1.374384236453202, 1.4236559139784946, 1.4688057040998217, 1.545045045045045, 1.572199730094467, 1.6167247386759582, 1.7071881606765327, 1.755781683626272, 1.7836734693877552], ".-"], "PRP": [[1.0, 3.5789473684210527, 6.157894736842105, 8.736842105263158, 11.31578947368421, 13.894736842105264, 16.473684210526315, 19.05263157894737, 21.63157894736842, 24.210526315789473, 26.789473684210527, 29.36842105263158, 31.94736842105263, 34.526315789473685, 37.10526315789474, 39.68421052631579, 42.26315789473684, 44.8421052631579, 47.421052631578945, 50.0], [1, 1.0, 1.4666666666666666, 1.3571428571428572, 1.309090909090909, 1.294871794871795, 1.425, 1.4152046783625731, 1.4428571428571428, 1.5507246376811594, 1.596923076923077, 1.6157635467980296, 1.6623655913978495, 1.7040998217468806, 1.6936936936936937, 1.6950067476383266, 1.7619047619047619, 1.745243128964059, 1.7761332099907492, 1.8008163265306123], ".-"], "HC": [[1.0, 3.5789473684210527, 6.157894736842105, 8.736842105263158, 11.31578947368421, 13.894736842105264, 16.473684210526315, 19.05263157894737, 21.63157894736842, 24.210526315789473, 26.789473684210527, 29.36842105263158, 31.94736842105263, 34.526315789473685, 37.10526315789474, 39.68421052631579, 42.26315789473684, 44.8421052631579, 47.421052631578945, 50.0], [1, 1.0, 1.0, 1.0, 1.0, 1.0128205128205128, 1.0083333333333333, 1.0116959064327486, 1.019047619047619, 1.0289855072463767, 1.043076923076923, 1.0886699507389161, 1.096774193548387, 1.1122994652406417, 1.1306306306306306, 1.1524966261808367, 1.1846689895470384, 1.2198731501057083, 1.2664199814986123, 1.310204081632653], ".-"], "BET": [[1.0, 3.5789473684210527, 6.157894736842105, 8.736842105263158, 11.31578947368421, 13.894736842105264, 16.473684210526315, 19.05263157894737, 21.63157894736842, 24.210526315789473, 26.789473684210527, 29.36842105263158, 31.94736842105263, 34.526315789473685, 37.10526315789474, 39.68421052631579, 42.26315789473684, 44.8421052631579, 47.421052631578945, 50.0], [1, 1.3333333333333333, 1.1333333333333333, 1.1428571428571428, 1.3272727272727274, 1.3333333333333333, 1.2916666666666667, 1.368421052631579, 1.4190476190476191, 1.4166666666666667, 1.4430769230769231, 1.4655172413793103, 1.4838709677419355, 1.5436720142602496, 1.5555555555555556, 1.6855600539811066, 1.7224157955865274, 1.7040169133192389, 1.691026827012026, 1.7273469387755103], ".-"], "DEG": [[1.0, 3.5789473684210527, 6.157894736842105, 8.736842105263158, 11.31578947368421, 13.894736842105264, 16.473684210526315, 19.05263157894737, 21.63157894736842, 24.210526315789473, 26.789473684210527, 29.36842105263158, 31.94736842105263, 34.526315789473685, 37.10526315789474, 39.68421052631579, 42.26315789473684, 44.8421052631579, 47.421052631578945, 50.0], [1, 1.0, 1.0, 1.0, 1.0, 1.0, 1.0083333333333333, 1.0350877192982457, 1.0476190476190477, 1.0869565217391304, 1.0923076923076922, 1.0886699507389161, 1.1010752688172043, 1.13903743315508, 1.1576576576576576, 1.1673414304993253, 1.2241579558652729, 1.2399577167019027, 1.2821461609620721, 1.3248979591836734], ".-"]}